customer_id,full_name,address,city,zipcode
11001,David Blackburn,27166 Wood Tunnel Suite 968,Brittanybury,39966
11002,Carly Wright,279 Barron Station,Mcdonaldside,03279
11003,Samantha Chapman,14992 Amanda Lane,Lake Christopher,39025
11004,Kenneth Moore,37847 Gillespie Gateway Suite 751,North Eric,59465
11005,Denise Vincent,3400 Kelly Pines Apt. 229,Bushland,29887
11006,Rodney Quinn,57713 Bridges Plaza Apt. 367,Lake Debrashire,05435
11007,Robert Lynch,2634 Baldwin Prairie Suite 823,Hannahfort,31147
11008,Donald Frye,1677 Justin Rapid Apt. 216,South Alicia,58436
11009,Darren Schroeder,9170 Randall Burg Suite 106,North Sarachester,86473
11010,Jacob Hill,4260 Wright Highway Apt. 982,Port Pamelastad,14552
11011,Don Mcmahon,7341 Smith Port Apt. 782,Port Kelly,32415
11012,Jeremy Barajas,1995 Maria Centers Apt. 476,Mathewsville,74832
11013,Cody Bush,920 Bryan Spur,Lake Joshua,22514
11014,Kristina Hicks,14964 Micheal Mall Suite 001,New Stephanie,94098
11015,Heather Hubbard,440 Smith Landing,Emilychester,07025
11016,Jodi Lane,55522 Odonnell Cliff,Peterland,57642
11017,Nathan Martinez,719 White Curve Apt. 635,South Ashley,01968
11018,Deborah Perez,225 Sandra Springs,Changport,10620
11019,Alyssa Ramirez,44507 Spence Mills,Henryshire,49590
11020,Kelly Moore,1147 Shaw Way,Port John,18708
11021,Daniel Romero,448 Wendy Mission Apt. 978,East Hannahtown,44341
11022,James Levine,8043 Johnson Lane,Port Cody,73786
11023,Brenda Walker,9954 Kevin Road Apt. 927,Nicholeton,81202
11024,John Salazar,8107 Gallegos Village Suite 367,Madisonborough,43698
11025,Robert Watson,00027 Chad Overpass,Skinnerville,19059
11026,Rhonda Brown,609 Allen Drive Apt. 717,Jordanmouth,83000
11027,Sandra Conley,389 Anthony Estate Suite 445,Matthewbury,37790
11028,Brian Reyes,242 Serrano Ports,Summersborough,77282
11029,Alexander Evans,90306 Richard Street Suite 656,Jasminville,11959
11030,Teresa Oliver,1968 Case Ways,East Charlesside,40238
11031,Amy Reed,62541 Sims Isle Apt. 927,North Victoriaville,09879
11032,Joseph Gordon,17826 Michael Causeway Apt. 989,New Jamesstad,56246
11033,Jacqueline Smith,169 Powell Vista Suite 980,North Taylorhaven,88966
11034,Melinda Murray,3152 Jones Road Apt. 308,Ianfort,26002
11035,Robin Bush,48301 Skinner Shore Suite 894,Shannonfort,99171
11036,Mary Mercer,1859 Mark Keys Suite 258,West Regina,24795
11037,James Tate,287 Susan Ports Apt. 227,Calebshire,62922
11038,Philip Sherman,11703 John Spring Suite 087,Kaitlynview,75251
11039,Justin Ballard,50650 Garcia Route Apt. 099,Ginachester,56074
11040,James Jenkins,8273 Jeremiah Haven,West Danielle,84111
11041,Ellen Nguyen,0227 Bullock Crest,North Julietown,50818
11042,Jason Liu,96935 Julia Pine,Lake Ariel,18899
11043,Christopher Ortiz,75384 Mccarthy Lock,Robertsbury,81366
11044,Deborah Mccann,615 Cruz Wells,Mejiaville,00857
11045,Lori Wright,79140 Garcia Harbors Suite 047,Sanchezshire,39883
11046,Carla Best,7459 Christine Tunnel,Hesterburgh,01834
11047,Katherine Duran,340 Simpson Center,Kennethhaven,89337
11048,Ronald Griffith,24627 Nicholas Hills Apt. 415,New Michael,45546
11049,Donna Rodriguez,3902 Jacob Loop,East Shawn,11248
11050,Christopher Rogers,734 Mark Ford Apt. 289,North Danielport,35465
11051,Danny Porter,36629 Alexis Tunnel Apt. 138,Lauraville,01733
11052,Julie Johnson,8098 Diaz Oval,Lake Catherineview,73921
11053,Todd Watson,19159 Gregory Harbor,North Madison,04260
11054,Sherry Logan,2223 Gates Square,Mendezshire,65474
11055,Angela Phillips,861 Amanda Flats,Christinehaven,16878
11056,Wayne Rodriguez,837 Anthony Avenue,Kaylaland,93185
11057,Kevin Ellis,11053 Hicks Inlet,West Dianatown,19400
11058,Benjamin Morris,848 Navarro Villages Suite 337,Williamsburgh,85026
11059,Michelle Rasmussen,3466 Ramos Road,Tammyside,10114
11060,Jennifer Clay,364 Curtis Falls,Millerland,92204
11061,Tyler Cunningham,60178 Mary Mission Apt. 174,West Kathrynside,08680
11062,Eric Johnson,324 Michael Mount,Carolbury,29320
11063,Todd Prince,901 Robinson Walks,Mariachester,56646
11064,Robin Phillips,360 Rowe Ports Apt. 582,Changstad,02036
11065,Shane Smith,036 Whitney Isle,West Benjamin,10321
11066,Thomas Hicks,3661 Amber Walks Suite 547,Port Anafurt,08258
11067,Eric Wright,8501 Thomas Pine,North Brian,68577
11068,Mallory Cardenas,14837 Ramos Haven Suite 627,South Brentview,54006
11069,Rebecca Smith,5354 Amanda Gardens Suite 190,Port Jason,00819
11070,Candace Morgan,3701 Hines Track,Port Aaron,90188
11071,Robert Wilson,31820 Blackburn Oval Apt. 666,Kellyland,68293
11072,Stephanie Norman,821 Strickland Springs Apt. 067,Stronghaven,06395
11073,Melanie Ramirez,154 Jill Lodge,South Debraport,21641
11074,Matthew Coffey,54097 Katherine Unions Suite 302,Port Brianview,84480
11075,Jessica Roberts,35795 Brian Lakes,Baileyborough,35635
11076,Andrew Mitchell,782 Jackson Manor Apt. 301,New Tyler,11326
11077,Jessica Ramos,18609 Hall Junction,Williamton,67146
11078,Robin Day,1360 Kathleen Well Apt. 627,Thomastown,42899
11079,Crystal Jenkins,7540 Terry Mills,South Paultown,13144
11080,William Boyle,018 Steven Way Suite 256,Kimberlyfurt,00817
11081,Shannon Hall,15890 Catherine Coves Apt. 111,Hallbury,00933
11082,Bradley Weber,6895 Briana Estates,New Holly,24393
11083,Brian Cox,743 Kathryn Courts Suite 672,Stefanietown,39265
11084,James Morales,7772 Susan Mall,South Nicholas,97040
11085,Lori Moss,94333 White Walk Apt. 632,Hopkinshaven,74703
11086,Justin Payne,20825 Bonnie Estate,Lake Josephshire,88793
11087,Brandon Reyes,86393 Sarah Mountains,Lake Christopherbury,61961
11088,Angela Kelly,794 Long Camp Suite 538,Meyersburgh,89036
11089,Leslie Ray,9164 Cory Ridges Suite 032,Port Michelleton,57871
11090,Amber Cole,913 Christian Rest,Port Gail,08455
11091,Victor Velazquez,0979 Diana Lodge Suite 885,South Jesustown,10931
11092,Kimberly Stewart,031 Vanessa Ramp,Tiffanyborough,05148
11093,Mike Davis,99396 Barbara Points,Ryanfort,08339
11094,Mark Munoz,56219 Lauren Mountains Suite 006,Johnsonport,45407
11095,Shannon Stanley,333 Patricia Parkway Suite 873,Georgeshire,72329
11096,Leslie Rodriguez,0510 Adams Neck Apt. 844,Michellemouth,87271
11097,Robert Williams,488 Andrew Orchard,North Jamieland,48970
11098,Chris Day,840 Johnson Park Apt. 182,Mariaview,77387
11099,Aaron Johnson,3893 Dyer Rapid,East James,63977
11100,Felicia James,515 Sharon Views Apt. 220,New Jenniferberg,17955
